{"timestep":{"0":0,"1":1,"2":2,"3":3,"4":4,"5":5,"6":6,"7":7,"8":8,"9":9,"10":10,"11":11,"12":12,"13":13,"14":14,"15":15,"16":16,"17":17,"18":18,"19":19,"20":20,"21":21,"22":22,"23":23,"24":24,"25":25,"26":26,"27":27,"28":28,"29":29,"30":30,"31":31,"32":32,"33":33,"34":34,"35":35,"36":36,"37":37,"38":38,"39":39,"40":40,"41":41,"42":42,"43":43,"44":44,"45":45,"46":46,"47":47,"48":48,"49":49,"50":50,"51":51,"52":52,"53":53,"54":54,"55":55,"56":56,"57":57,"58":58,"59":59,"60":60,"61":61,"62":62,"63":63,"64":64,"65":65,"66":66,"67":67,"68":68,"69":69,"70":70,"71":71,"72":72,"73":73,"74":74,"75":75,"76":76,"77":77,"78":78,"79":79,"80":80,"81":81,"82":82,"83":83,"84":84,"85":85,"86":86,"87":87,"88":88,"89":89,"90":90,"91":91,"92":92,"93":93,"94":94,"95":95},"pv":{"0":0.61428571,"1":0.58772894,"2":0.55054945,"3":0.52930403,"4":0.49212454,"5":0.46190476,"6":0.42857143,"7":0.39285714,"8":0.36739927,"9":0.33919414,"10":0.3029304,"11":0.27472527,"12":0.25714286,"13":0.22857143,"14":0.19952381,"15":0.17333333,"16":0.14908425,"17":0.12600733,"18":0.10555556,"19":0.08571429,"20":0.06984127,"21":0.05311355,"22":0.03553114,"23":0.02222222,"24":0.01318681,"25":0.00659341,"26":0.0010989,"27":0.0,"28":0.00612245,"29":0.0244898,"30":0.03673469,"31":0.06530612,"32":0.10340136,"33":0.17063492,"34":0.24365079,"35":2.20952381,"36":5.38095238,"37":12.34285714,"38":14.66285714,"39":31.91666667,"40":43.07142857,"41":53.13333333,"42":58.87142857,"43":65.39365079,"44":58.95714286,"45":56.93015873,"46":42.39333333,"47":31.19166667,"48":33.5,"49":44.23142857,"50":46.85238095,"51":48.32619048,"52":45.42952381,"53":43.89428571,"54":24.24603175,"55":14.8247619,"56":18.02619048,"57":13.97619048,"58":10.86380952,"59":10.67509158,"60":10.93150183,"61":9.26785714,"62":5.63988095,"63":3.53142857,"64":2.54761905,"65":2.32698413,"66":2.22142857,"67":2.11587302,"68":2.03650794,"69":1.95714286,"70":1.89761905,"71":1.75873016,"72":1.68333333,"73":1.62380952,"74":1.5452381,"75":1.48333333,"76":1.41836735,"77":1.38435374,"78":1.31031746,"79":1.25277778,"80":1.18359788,"81":1.13703704,"82":1.06709957,"83":1.00865801,"84":0.97359307,"85":0.90857143,"86":0.86857143,"87":0.8152381,"88":0.73445378,"89":0.67955182,"90":0.63837535,"91":0.58347339,"92":0.54229692,"93":0.47037037,"94":0.41428571,"95":0.36666667},"wind":{"0":62.26,"1":62.35846154,"2":62.50564103,"3":62.58974359,"4":62.73692308,"5":64.51384615,"6":68.51282051,"7":71.32666667,"8":71.94974359,"9":68.61128205,"10":65.08,"11":63.07333333,"12":63.94,"13":68.26,"14":72.83733333,"15":77.724,"16":80.79589744,"17":74.93384615,"18":69.96555556,"19":66.06,"20":62.93555556,"21":59.71948718,"22":56.41179487,"23":54.04555556,"24":53.53589744,"25":55.31128205,"26":56.79076923,"27":58.68666667,"28":60.72285714,"29":58.83142857,"30":57.57047619,"31":55.22571429,"32":53.17904762,"33":55.13666667,"34":57.23,"35":60.30333333,"36":62.08,"37":63.04666667,"38":63.75866667,"39":64.57,"40":62.76,"41":59.18888889,"42":56.55666667,"43":53.34222222,"44":53.32666667,"45":58.90444444,"46":78.42666667,"47":92.33333333,"48":100.52166667,"49":101.18133333,"50":97.97333333,"51":94.18333333,"52":90.148,"53":87.83333333,"54":83.83555556,"55":81.672,"56":79.73,"57":78.80444444,"58":78.84,"59":79.39538462,"60":80.28564103,"61":80.865,"62":81.26083333,"63":81.268,"64":80.94333333,"65":75.0,"66":70.76666667,"67":65.27777778,"68":61.18888889,"69":57.1,"70":54.03333333,"71":46.87777778,"72":48.895,"73":55.66444444,"74":66.10666667,"75":76.16,"76":75.4,"77":69.61333333,"78":58.2,"79":51.36666667,"80":46.35407407,"81":53.63703704,"82":64.75151515,"83":74.33030303,"84":80.07757576,"85":85.03866667,"86":87.32266667,"87":90.368,"88":93.2172549,"89":92.82509804,"90":92.53098039,"91":92.13882353,"92":91.84470588,"93":88.6837037,"94":85.83393939,"95":83.8369697},"residential":{"0":25.6022,"1":24.8835,"2":21.19733333,"3":20.1825,"4":20.9164,"5":19.86,"6":18.905,"7":18.6924,"8":18.70066667,"9":18.36575,"10":18.1048,"11":18.55666667,"12":18.22822222,"13":19.2295,"14":19.936,"15":18.22875,"16":18.6546,"17":19.2088,"18":20.3122,"19":22.803,"20":24.46333333,"21":24.0875,"22":26.249,"23":33.18133333,"24":43.635,"25":50.1545,"26":52.612,"27":53.715,"28":61.4585,"29":63.10525,"30":60.89275,"31":60.786,"32":62.4715,"33":67.0312,"34":69.094,"35":64.048,"36":63.92,"37":63.6695,"38":65.2735,"39":65.687,"40":67.8112,"41":64.87575,"42":61.1575,"43":62.915,"44":60.457,"45":61.40533333,"46":70.2965,"47":72.6462,"48":72.71,"49":73.06,"50":71.867,"51":69.43366667,"52":65.00266667,"53":63.2864,"54":57.09366667,"55":56.49275,"56":56.5415,"57":52.38728571,"58":49.257,"59":49.336,"60":49.4898,"61":48.185,"62":46.305,"63":44.926,"64":45.825,"65":50.83566667,"66":51.753,"67":57.49233333,"68":63.139,"69":69.5165,"70":72.372,"71":77.6485,"72":81.294,"73":85.95785714,"74":86.886,"75":90.2426,"76":91.47775,"77":90.45125,"78":88.4404,"79":82.97333333,"80":82.09328571,"81":79.57233333,"82":73.8732,"83":70.009,"84":68.90433333,"85":67.773,"86":64.621,"87":61.3804,"88":54.03266667,"89":49.90371429,"90":46.92085714,"91":43.566,"92":41.087,"93":34.4715,"94":30.4026,"95":28.63281818}}